{
    "projectName": "BizzScript",
    "languages": [{
        "id": "bizz-script",
        "grammar": "src/language/bizz-script.langium",
        "fileExtensions": [".script"],
        "textMate": {
            "out": "syntaxes/bizz-script.tmLanguage-generated.json"
        }
    },
    {
        "id": "bizz-types",
        "grammar": "src/language/bizz-types.langium",
        "fileExtensions": [".types"],
        "textMate": {
            "out": "syntaxes/bizz-types.tmLanguage-generated.json"
        }
    }],
    "out": "src/language/generated"
}
