{
    "comments": {
        // symbol used for single line comment. Remove this entry if your language does not support line comments
        "lineComment": "//",
        // symbols used for start and end a block comment. Remove this entry if your language does not support block comments
        "blockComment": [ "/*", "*/" ]
    },
    // symbols used as brackets
    "brackets": [
        ["{", "}"],
        ["[", "]"],
        ["(", ")"]
    ],
    // symbols that are auto closed when typing
    "autoClosingPairs": [
        ["{", "}"],
        ["[", "]"],
        ["(", ")"],
        ["\"", "\""],
        { "open": "'", "close": "'", "notIn": ["comment", "string"] },
        ["`", "`"],
        { "open": "/**", "close": " */", "notIn": ["string"]}
    ],
    // symbols that can be used to surround a selection
    "surroundingPairs": [
        ["{", "}"],
        ["[", "]"],
        ["(", ")"],
        ["\"", "\""],
        ["'", "'"],
        ["`", "`"]
    ],
    "colorizedBracketPairs": [
        [
            "(",
            ")"
        ],
        [
            "[",
            "]"
        ],
        [
            "{",
            "}"
        ]
    ],
    "autoCloseBefore": ";:.,=}])` \r\n\t",
    "onEnterRules": [
        {
            // e.g. /** | */
            "beforeText": {
                "pattern": "^\\s*/\\*\\*(?!/)([^\\*]|\\*(?!/))*$"
            },
            "afterText": {
                "pattern": "^\\s*\\*/$"
            },
            "action": {
                "indent": "indentOutdent",
                "appendText": " * "
            }
        },
        {
            // e.g. /** ...|
            "beforeText": {
                "pattern": "^\\s*/\\*\\*(?!/)([^\\*]|\\*(?!/))*$"
            },
            "action": {
                "indent": "none",
                "appendText": " * "
            }
        },
        {
            // e.g.  * ...|
            "beforeText": {
                "pattern": "^(\\t|[ ])*[ ]\\*([ ]([^\\*]|\\*(?!/))*)?$"
            },
            "previousLineText": {
                "pattern": "(?=^(\\s*(/\\*\\*|\\*)).*)(?=(?!(\\s*\\*/)))"
            },
            "action": {
                "indent": "none",
                "appendText": "* "
            }
        }
    ]
}