{
  "name": "bizz-types",
  "scopeName": "source.bizz-types",
  "fileTypes": [
    ".types"
  ],
  "patterns": [
    {
      "include": "#comments"
    },
    {
      "name": "keyword.control.bizz-types",
      "match": "\\b(export|extends|false|from|import|interface|readonly|true|type)\\b"
    },
    {
      "name": "string.quoted.double.bizz-types",
      "begin": "\"",
      "end": "\"",
      "patterns": [
        {
          "include": "#string-character-escape"
        }
      ]
    }
  ],
  "repository": {
    "comments": {
      "patterns": [
        {
          "name": "comment.block.bizz-types",
          "begin": "/\\*",
          "beginCaptures": {
            "0": {
              "name": "punctuation.definition.comment.bizz-types"
            }
          },
          "end": "\\*/",
          "endCaptures": {
            "0": {
              "name": "punctuation.definition.comment.bizz-types"
            }
          }
        },
        {
          "begin": "//",
          "end": "(?=$)",
          "name": "comment.line.bizz-types"
        }
      ]
    },
    "string-character-escape": {
      "name": "constant.character.escape.bizz-types",
      "match": "\\\\(x[0-9A-Fa-f]{2}|u[0-9A-Fa-f]{4}|u\\{[0-9A-Fa-f]+\\}|[0-2][0-7]{0,2}|3[0-6][0-7]?|37[0-7]?|[4-7][0-7]?|.|$)"
    }
  }
}
