{
  "name": "bizz-script",
  "scopeName": "source.bizz-script",
  "fileTypes": [
    ".script"
  ],
  "patterns": [
    {
      "include": "#comments"
    },
    {
      "name": "keyword.control.bizz-script",
      "match": "\\b(asc|ascending|break|by|byref|byval|column|continue|count|datasource|desc|descending|else|error|false|for|forall|foreach|function|header|headerl|if|in|into|is|job|loaded|message|output|outputl|parameter|pipe|return|rollback|session|sort|stop|true|undefined|unique|using|warning|while)\\b|\\B(@author|@deprecated|@param|@returns|@see|@type)\\b"
    },
    {
      "name": "string.quoted.double.bizz-script",
      "begin": "\"",
      "end": "\"",
      "patterns": [
        {
          "include": "#string-character-escape"
        }
      ]
    }
  ],
  "repository": {
    "comments": {
      "patterns": [
        {
          "name": "comment.block.bizz-script",
          "begin": "/\\*",
          "beginCaptures": {
            "0": {
              "name": "punctuation.definition.comment.bizz-script"
            }
          },
          "end": "\\*/",
          "endCaptures": {
            "0": {
              "name": "punctuation.definition.comment.bizz-script"
            }
          }
        },
        {
          "begin": "////|(?<![/:])//(?!/)",
          "end": "(?=$)",
          "name": "comment.line.bizz-script"
        }
      ]
    },
    "string-character-escape": {
      "name": "constant.character.escape.bizz-script",
      "match": "\\\\(x[0-9A-Fa-f]{2}|u[0-9A-Fa-f]{4}|u\\{[0-9A-Fa-f]+\\}|[0-2][0-7]{0,2}|3[0-6][0-7]?|37[0-7]?|[4-7][0-7]?|.|$)"
    }
  }
}
