{
    "$schema": "https://json-schema.org/draft-07/schema#",
    "$defs": {
        "viewpointItem": {
            "type": "object",
            "description": "A viewpoint definition",
            "additionalProperties": false,
            "properties": {
                "commandName": {
                    "description": "Should always be \"querytool\"",
                    "type": "string",
                    "pattern": "^querytool$"
                },
                "hidden": {
                    "description": "Whether or not the viewpoint should be hidden in the viewpoint browser",
                    "type": "boolean"
                },
                "nm": {
                    "description": "The name of the viewpoint",
                    "type": "string"
                },
                "parents": {
                    "description": "The parent path of the viewpoint (where it was located in the model package)",
                    "type": "array",
                    "items": {
                        "$ref": "#/$defs/parentItem"
                    }
                },
                "presentationType": {
                    "description": "The presentation type of the viewpoint (one of FmtNone, FmtTable, etc.)",
                    "type": "string",
                    "pattern": "^Fmt(None|Table|TextFile|Workset)$"
                },
                "scripts": {
                    "description": "References to the scripts included in the viewpoint",
                    "type": "array",
                    "items": {
                        "$ref": "#/$defs/scriptItem"
                    }
                }
            },
            "required": [
                "commandName",
                "nm",
                "parents",
                "presentationType",
                "scripts"
            ]
        },
        "parentItem": {
            "type": "object",
            "description": "A parent reference",
            "additionalProperties": false,
            "properties": {
                "name": {
                    "type": "string"
                },
                "type": {
                    "description": "The fully qualified name of the parent's type",
                    "type": "string",
                    "pattern": "^(.*:.*)$"
                }
            },
            "required": [
                "name",
                "type"
            ]
        },
        "scriptItem": {
            "type": "object",
            "description": "A query script reference",
            "additionalProperties": false,
            "properties": {
                "name": {
                    "description": "The name of the script (may be empty)",
                    "type": "string"
                },
                "filename": {
                    "description": "The relative path to the file containing the script",
                    "type": "string",
                    "pattern": "^(\\\\[^\\\\]+)+\\.script$"
                }
            },
            "required": [
                "name",
                "filename"
            ]
        }
    },
    "type": "array",
    "description": "Viewpoint definitions",
    "additionalItems": false,
    "items": {
        "$ref": "#/$defs/viewpointItem"
    }
}